,RPI,Team
0,0.651295231554,SJSU
1,0.555428571429,Cal Lutheran
2,0.528701846764,SCU
3,0.526931318681,SRJC
4,0.496883127289,UC Davis
5,0.351223214286,Stanford
6,0.316459783272,UCSC
